Diamater,Trap,Position,release location,Species,Lifestage,Release Date,Interruption,number released,number recaptured,CFS(mean release day),CFS6,CFS12,CFS24,CFS72,3-day ave CFS,
,Nason,Back,,Chinook,Yearling,3/4/2008,,2,0,125,,,,,,
,Nason,Back,,Chinook,Yearling,3/5/2008,,13,3,123,,,,,,
,Nason,Back,,Chinook,Yearling,3/6/2008,,1,1,120,,,,,,
,Nason,Back,,Chinook,Yearling,3/7/2008,,2,0,117,,,,,,
,Nason,Back,,Chinook,Yearling,3/8/2008,,2,1,120,,,,,,
,Nason,Back,,Chinook,Yearling,3/9/2008,,2,0,129,,,,,,
,Nason,Back,,Chinook,Yearling,3/10/2008,,2,0,130,,,,,,
,Nason,Back,,Chinook,Yearling,3/12/2008,,11,4,145,,,,,,
,Nason,Back,,Chinook,Yearling,3/17/2008,,12,3,137,,,,,,
,Nason,Back,,Chinook,Yearling,3/20/2008,,6,1,140,,,,,,
,Nason,Back,,Chinook,Yearling,3/24/2008,,10,3,131,,,,,,
,White,Low Flow,,Chinook,Yearling,3/26/2008,,24,5,,,,,,217,
,Nason,Back,,Chinook,Yearling,3/27/2008,,13,2,120,,,,,,
,Nason,Back,,Chinook,Yearling,3/31/2008,,23,3,108,,,,,,
,Nason,Back,,Chinook,Yearling,4/3/2008,,24,4,109,,,,,,
,Nason,Back,,Chinook,Yearling,4/7/2008,,23,0,123,,,,,,
,Nason,Back,,Chinook,Yearling,4/10/2008,,18,8,118,,,,,,
,Nason,Back,,Chinook,Yearling,4/14/2008,,195,40,282,,,,,,
,Nason,Back,,Chinook,Yearling,4/17/2008,,72,13,235,,,,,,
,Nason,Back,,Chinook,Yearling,4/21/2008,,36,3,194,,,,,,
,Nason,Back,,Chinook,Yearling,4/24/2008,,57,8,186,,,,,,
,Nason,Back,,Chinook,Yearling,4/28/2008,,127,19,235,,,,,,
,Nason,Back,,Chinook,Yearling,5/1/2008,,102,16,271,,,,,,
,Nason,Back,,Chinook,Yearling,5/12/2008,,4,0,582,,,,,,
,Nason,Back,,Chinook,Yearling,5/15/2008,,2,0,1560,,,,,,
,Nason,Back,,Chinook,,5/26/2008,,0,0,2720,,,,,,
,Nason,Back,,Chinook,,5/29/2008,,0,0,2950,,,,,,
,Nason,Back,,Chinook,,6/2/2008,,0,0,2030,,,,,,
,Nason,Back,,Chinook,,6/5/2008,,0,0,1010,,,,,,
,Nason,Back,,Chinook,,6/9/2008,,3,1,826,,,,,,
,Nason,Back,,Chinook,,6/12/2008,,0,1,727,,,,,,
,Nason,Back,,Chinook,,6/16/2008,,3,0,1050,,,,,,
,Nason,Back,,Chinook,,6/19/2008,,0,0,811,,,,,,
,Nason,Back,,Chinook,,6/23/2008,,0,0,943,,,,,,
,Nason,Back,,Chinook,,6/26/2008,,0,0,870,,,,,,
,Nason,Back,,Chinook,,6/30/2008,,0,0,2230,,,,,,
,Nason,Back,,Chinook,,7/4/2008,,0,0,961,,,,,,
,Nason,Back,,Chinook,Subyearling,7/7/2008,,1,0,576,,,,,,
,Nason,Back,,Chinook,Subyearling,7/10/2008,,4,0,488,,,,,,
,Nason,Back,,Chinook,Subyearling,7/14/2008,,10,3,320,,,,,,
,Nason,Back,,Chinook,Subyearling,7/17/2008,,12,1,250,,,,,,
,Nason,Back,,Chinook,Subyearling,7/21/2008,,12,0,193,,,,,,
,Nason,Back,,Chinook,Subyearling,7/24/2008,,43,0,163,,,,,,
,Nason,Back,,Chinook,Subyearling,7/28/2008,,54,8,134,,,,,,
,Nason,Forward,,Chinook,Subyearling,7/31/2008,,60,15,121,,,,,,
,Nason,Forward,,Chinook,Subyearling,8/4/2008,,16,0,101,,,,,,
,Nason,Forward,,Chinook,Subyearling,8/7/2008,,14,2,89.4,,,,,,
,Nason,Forward,,Chinook,Subyearling,8/12/2008,,103,2,85.6,,,,,,
,Nason,Forward,,Chinook,Subyearling,8/14/2008,,31,2,79.6,,,,,,
,Nason,Forward,,Chinook,Subyearling,8/18/2008,,0,0,75.8,,,,,,
,Nason,Forward,,Chinook,Subyearling,8/21/2008,,42,8,107,,,,,,
,Nason,Forward,,Chinook,Subyearling,8/22/2008,,75,11,97,,,,,,
,Nason,Forward,,Chinook,Subyearling,8/25/2008,,33,2,73.5,,,,,,
,Nason,Forward,,Chinook,Subyearling,8/28/2008,,72,7,81.9,,,,,,
,Nason,Forward,,Chinook,Subyearling,9/1/2008,,23,4,68,,,,,,
,Nason,Forward,,Chinook,Subyearling,9/4/2008,,3,1,61.3,,,,,,
,Nason,Forward,,Chinook,Subyearling,9/8/2008,,2,0,56.2,,,,,,
,Nason,Forward,,Chinook,Subyearling,9/11/2008,,5,0,52.3,,,,,,
,Nason,Forward,,Chinook,Subyearling,9/15/2008,,0,0,49.1,,,,,,
,Nason,Forward,,Chinook,Subyearling,9/22/2008,,1,0,51.3,,,,,,
,Nason,Forward,,Chinook,Subyearling,9/25/2008,,4,1,47.9,,,,,,
,Nason,Forward,,Chinook,Subyearling,9/29/2008,,4,1,45.7,,,,,,
,Nason,Forward,,Chinook,Subyearling,10/2/2008,,5,2,33.3,,,,,,
,Nason,Forward,,Chinook,Subyearling,10/6/2008,,7,2,42.3,,,,,,
,Nason,Forward,,Chinook,Subyearling,10/9/2008,,110,22,63.5,,,,,,
,Nason,Forward,,Chinook,Subyearling,10/13/2008,,36,3,46.6,,,,,,
,Nason,Forward,,Chinook,Subyearling,10/16/2008,,24,2,62.6,,,,,,
,Nason,Forward,,Chinook,Subyearling,10/20/2008,,12,3,65.7,,,,,,
,Nason,Forward,,Chinook,Subyearling,10/23/2008,,33,5,65,,,,,,
,Nason,Forward,,Chinook,Subyearling,10/27/2008,,51,12,56.1,,,,,,
,Nason,Forward,,Chinook,Subyearling,10/30/2008,,84,15,53,,,,,,
,Nason,Forward,,Chinook,Subyearling,11/3/2008,,35,10,82.1,,,,,,
,Nason,Forward,,Chinook,Subyearling,11/6/2008,,78,8,77.7,,,,,,
,Nason,Forward,,Chinook,Subyearling,11/10/2008,,88,0,309,,,,,,
,Nason,Back,,Chinook,Subyearling,11/13/2008,,62,0,581,,,,,,
,Nason,Back,,Chinook,Subyearling,11/17/2008,,29,8,480,,,,,,
,Nason,Back,,Chinook,Subyearling,11/20/2008,,60,7,305,,,,,,
,Nason,Back,,Chinook,Subyearling,11/24/2008,,43,9,210,,,,,,
,Nason,Back,,Chinook,Subyearling,11/27/2008,,46,2,171,,,,,,
,Nason,Back,,Chinook,Subyearling,12/1/2008,,38,10,226,,,,,,
,Nason,Back,,Chinook,Subyearling,12/4/2008,,20,3,216,,,,,,
,Nason,Back,,Chinook,Subyearling,12/8/2008,,3,0,207,,,,,,
,White,Low Flow,,Chinook,Yearling,3/22/2009,,19,5,,,,,,211,
,White,Low Flow,,Chinook,Yearling,3/30/2009,,34,4,,,,,,221,
,White,Low Flow,,Chinook,Yearling,4/2/2009,,37,10,,,,,,224,
,White,Low Flow,,Chinook,Yearling,4/5/2009,,59,15,,,,,,253,
,White,Low Flow,,Chinook,Yearling,4/8/2009,,19,4,,,,,,393,
,White,Low Flow,,Chinook,Yearling,4/10/2009,,36,3,,,,,,439,
,Nason 1.5m,Back,,Chinook,Yearling,4/21/2009,,53,0,,,,,,1800,
,Nason 1.5m,Back,,Chinook,Yearling,6/11/2009,,2,0,,,,,,609,
,Nason 1.5m,Back,,Chinook,Yearling,6/16/2009,,3,0,,,,,,2047,
,Nason 1.5m,Back,,Chinook,Yearling,6/20/2009,,6,0,,,,,,1109,
,Nason 1.5m,Back,,Chinook,Subyearling,6/24/2009,yes,10,0,,,,,,827,ET interupted after 24 hrs
,Nason 1.5m,Back,,Chinook,Subyearling,6/27/2009,,10,0,,,,,,758,
,Nason 1.5m,Back,,Chinook,Subyearling,7/1/2009,,13,0,,,,,,645,
,Nason 1.5m,Back,,Chinook,Subyearling,7/2/2009,,20,0,,,,,,639,
,Nason 1.5m,Forward,,Chinook,Subyearling,7/14/2009,,86,2,,,,,,378,
,Nason 1.5m,Forward,,Chinook,Subyearling,7/15/2009,,105,4,,,,,,362,
,Nason 1.5m,Forward,,Chinook,Subyearling,7/17/2009,,122,8,,,,,,337,
,Nason 1.5m,Forward,,Chinook,Subyearling,7/20/2009,,89,2,,,,,,302,
,Nason 1.5m,Forward,,Chinook,Subyearling,7/23/2009,,43,2,,,,,,280,
,White,Low Flow,,Chinook,Subyearling,8/8/2009,,5,2,,,,,,,
,Nason 1.5m,Forward,,Chinook,Subyearling,8/11/2009,,39,2,,,,,,,
,Nason 1.5m,Forward,,Chinook,Subyearling,8/14/2009,,19,3,,,,,,,
,White,Low Flow,,Chinook,Subyearling,8/14/2009,,19,3,,,,,,,
,Nason 1.5m,Forward,,Chinook,Subyearling,8/17/2009,,73,1,,,,,,,
,White,Low Flow,,Chinook,Subyearling,8/20/2009,,20,2,,,,,,,
,Nason 1.5m,Forward,,Chinook,Subyearling,9/10/2009,,56,7,,,,,,,
,Nason 1.5m,Forward,,Chinook,Subyearling,9/13/2009,,8,0,,,,,,,
,White,Low Flow,,Chinook,Subyearling,10/4/2009,,10,6,,,,,,,
,White,Low Flow,,Chinook,Subyearling,10/7/2009,,22,2,,,,,,,
,White,Low Flow,,Chinook,Subyearling,10/10/2009,,13,3,,,,,,,
,White,Low Flow,,Chinook,Subyearling,10/13/2009,,12,3,,,,,,,
,White,Low Flow,,Chinook,Subyearling,10/16/2009,,34,6,,,,,,,
,White,Low Flow,,Chinook,Subyearling,10/18/2009,,13,0,,,,,,,
,Nason 1.5m,Back,,Chinook,Subyearling,10/22/2009,,66,5,,,,,,,
,Nason 1.5m,Back,,Chinook,Subyearling,10/25/2009,,10,2,,,,,,,
,White,Low Flow,,Chinook,Subyearling,10/25/2009,,19,0,,,,,,,
,Nason 1.5m,Back,,Chinook,Subyearling,11/5/2009,,138,19,,,,,,,
,White,Low Flow,,Chinook,Subyearling,11/5/2009,,15,3,,,,,,,
,Nason 1.5m,Back,,Chinook,Subyearling,11/8/2009,,120,13,,,,,,,
,White,Low Flow,,Chinook,Subyearling,11/8/2009,,14,0,,,,,,,
,Nason 1.5m,Back,,Chinook,Subyearling,11/11/2009,,50,2,,,,,,,
,White,Low Flow,,Chinook,Subyearling,11/11/2009,,8,1,,,,,,,
,Nason 1.5m,Back,,Chinook,Subyearling,11/14/2009,,87,11,,,,,,,
,White,Low Flow,,Chinook,Subyearling,11/14/2009,,9,2,,,,,,,
,Nason 1.5m,Back,,Chinook,Subyearling,11/17/2009,,138,12,,,,,,,
,White,Low Flow,,Chinook,Subyearling,11/17/2009,,35,3,,,,,,,
,Nason 1.5m,Back,,Chinook,Subyearling,11/21/2009,,44,5,,,,,,,
,White,Low Flow,,Chinook,Subyearling,11/23/2009,,21,0,,,,,,,
,Nason 1.5m,Back,,Chinook,Subyearling,11/24/2009,,50,4,,,,,,,
,Nason 1.5m,Back,,Chinook,Subyearling,11/25/2009,,32,3,,,,,,,
,White,Low Flow,,Chinook,Subyearling,11/25/2009,,12,0,,,,,,,
,White 1.5m,Low Flow,,Chinook,Yearling,3/9/2010,,11,0,,,,,,269,Rising
,White 1.5m,Low Flow,,Chinook,Yearling,3/12/2010,,25,1,,,,,,256,Trough
,White 1.5m,Low Flow,,Chinook,Yearling,3/16/2010,,30,5,,,,,,261,Falling
,White 1.5m,Low Flow,,Chinook,Yearling,3/20/2010,,21,1,,,,,,246,Falling
,Nason 1.5m,Back,,Chinook,Yearling,3/21/2010,,6,0,,,,,,177,Peak
,White 1.5m,Low Flow,,Chinook,Yearling,3/24/2010,,17,2,,,,,,255,Rising
,Nason 1.5m,Back,,Chinook,Yearling,3/25/2010,,11,1,,,,,,194,Peak
,White 1.5m,Low Flow,,Chinook,Yearling,3/28/2010,,3,0,,,,,,318,Rising
,Nason 1.5m,Back,,Chinook,Yearling,3/29/2010,,36,0,,,,,,220,Falling
,White 1.5m,Low Flow,,Chinook,Yearling,4/1/2010,,13,0,,,,,,1023,Falling
,Nason 1.5m,Back,,Chinook,Yearling,4/2/2010,,16,2,,,,,,187,Falling
,White 1.5m,Low Flow,,Chinook,Yearling,4/5/2010,,37,1,,,,,,740,Falling
,Nason 1.5m,Back,,Chinook,Yearling,4/6/2010,,24,3,,,,,,185,Trough
,White 1.5m,Low Flow,,Chinook,Yearling,4/9/2010,,31,4,,,,,,578,Trough
,Nason 1.5m,Back,,Chinook,Yearling,4/10/2010,,43,0,,,,,,161,Falling
,White 1.5m,Low Flow,,Chinook,Yearling,4/12/2010,,58,4,,,,,,527,Falling
,Nason 1.5m,Back,,Chinook,Yearling,4/14/2010,,42,4,,,,,,190,Rising
,White 1.5m,Low Flow,,Chinook,Yearling,4/16/2010,,73,2,,,,,,495,Falling
,Nason 1.5m,Back,,Chinook,Yearling,4/18/2010,,67,2,,,,,,478,Rising
,White 1.5m,Low Flow,,Chinook,Yearling,4/19/2010,,25,0,,,,,,439,Falling
,Nason 1.5m,Back,,Chinook,Yearling,4/20/2010,,28,0,,,,,,773,Peak
,Nason 1.5m,Back,,Chinook,Yearling,4/22/2010,,23,1,,,,,,658,Falling
,Nason 1.5m,Back,,Chinook,Yearling,4/25/2010,,7,0,,,,,,555,Trough
,Nason 1.5m,Back,,Chinook,Yearling,4/29/2010,,1,0,,,,,,487,Falling
,Nason 1.5m,Back,,Chinook,Yearling,5/8/2010,,2,0,,,,,,358,Rising
,Nason 1.5m,Back,,Chinook,Yearling,5/12/2010,,7,2,,,,,,651,Rising
,Nason 1.5m,Back,,Chinook,Yearling,5/26/2010,,0,0,,,,,,983,Rising
,Nason 1.5m,Back,,Chinook,Yearling,6/20/2010,,2,0,,,,,,935,Peak
,Nason 1.5m,Back,,Chinook,Subyearling,6/24/2010,,1,0,,,,,,1077,Falling
,Nason 1.5m,Back,,Chinook,Subyearling,6/28/2010,,1,0,,,,,,797,Falling
,Nason 1.5m,Back,,Chinook,Subyearling,7/2/2010,,12,2,,,,,,467,Falling
,Nason 1.5m,Back,,Chinook,Subyearling,7/6/2010,,26,1,,,,,,447,Rising
,Nason 1.5m,Back,,Chinook,Subyearling,7/10/2010,,9,0,,,,,,457,Falling
,Nason 1.5m,Back,,Chinook,Subyearling,7/14/2010,,28,0,,,,,,270,Falling
,Nason 1.5m,Back,,Chinook,Subyearling,7/22/2010,,57,0,,,,,,163,Trough
,Nason 1.5m,Forward,,Chinook,Subyearling,7/30/2010,,47,0,,,,,,107,Trough
,Nason 1.5m,Forward,,Chinook,Subyearling,8/3/2010,,21,1,,,,,,98,Peak
,Nason 1.5m,Forward,,Chinook,Subyearling,8/8/2010,,58,1,,,,,,82,Falling
,Nason 1.5m,Forward,,Chinook,Subyearling,8/11/2010,,114,8,,,,,,72,Falling
,Nason 1.5m,Forward,,Chinook,Subyearling,8/15/2010,,42,0,,,,,,65,Falling
,White 1.5m,Low Flow,,Chinook,Subyearling,8/26/2010,,10,0,,,,,,,
,Nason 1.5m,Forward,,Chinook,Subyearling,9/11/2010,,68,9,,,,,,69,Peak
,Nason 1.5m,Forward,,Chinook,Subyearling,9/15/2010,,11,0,,,,,,60,Trough
,Nason 1.5m,Forward,,Chinook,Subyearling,9/19/2010,,5,0,,,,,,124,Rising
,Nason 1.5m,Forward,,Chinook,Subyearling,9/23/2010,,16,4,,,,,,105,Peak
,Nason 1.5m,Forward,,Chinook,Subyearling,9/28/2010,,12,1,,,,,,96,Falling
,Nason 1.5m,Forward,,Chinook,Subyearling,10/1/2010,,34,4,,,,,,48,Rising
,Nason 1.5m,Forward,,Chinook,Subyearling,10/5/2010,,34,6,,,,,,43,Falling
,Nason 1.5m,Forward,,Chinook,Subyearling,10/9/2010,,34,10,,,,,,41,Holding
,Nason 1.5m,Forward,,Chinook,Subyearling,10/12/2010,,216,42,,,,,,43,Rising
,Nason 1.5m,Forward,,Chinook,Subyearling,10/15/2010,,192,37,,,,,,68,Trough
,Nason 1.5m,Forward,,Chinook,Subyearling,10/18/2010,,193,36,,,,,,95,Falling
,Nason 1.5m,Forward,,Chinook,Subyearling,10/22/2010,,92,18,,,,,,155,Rising
,Nason 1.5m,Forward,,Chinook,Subyearling,10/25/2010,,60,7,,,,,,278,Peak
,Nason 1.5m,Forward,,Chinook,Subyearling,10/29/2010,,127,0,,,,,,759,Rising
,White 1.5m,Low Flow,,Chinook,Subyearling,10/29/2010,,11,1,,,,,,298,Trough
,Nason 1.5m,Back,,Chinook,Subyearling,11/1/2010,,254,42,,,,,,474,Falling
,Nason 1.5m,Back,,Chinook,Subyearling,11/4/2010,,287,49,,,,,,279,Peak
,Nason 1.5m,Back,,Chinook,Subyearling,11/7/2010,,168,32,,,,,,253,Falling
,Nason 1.5m,Back,,Chinook,Subyearling,11/10/2010,,74,7,,,,,,196,Falling
,Nason 1.5m,Back,,Chinook,Subyearling,11/13/2010,,185,35,,,,,,166,Falling
,Nason,Back,,Hat. Coho,Smolt,4/5/2011,,41,3,,,,,,,
,Nason,Back,,Hat. Coho,Smolt,4/6/2011,,114,0,,,,,,,
,White,Low Water,,Hat. Spring Chinook,Smolt,4/20/2011,,100,2,,,,,,,
,White,Low Water,,Hat. Spring Chinook,Smolt,4/24/2011,,99,0,,,,,,,
,White,Low Water,,Spring Chinook (unknown r/t),Smolt,4/24/2011,,1,0,,,,,,,
,White,Low Water,,Hat. Spring Chinook,Smolt,4/26/2011,,100,2,,,,,,,
,White,Low Water,,Hat. Spring Chinook,Smolt,4/29/2011,,100,4,,,,,,,
,Nason,Back,,Hat. Coho,Smolt,5/7/2011,,100,3,,,,,,,
,Nason,Back,,Wild Summer Steelhead,Parr,5/8/2011,,35,2,,,,,,,
,Nason,Back,,Hat. Coho,Smolt,5/8/2011,,100,1,,,,,,,
,Nason,Back,,Wild Spring Chinook,Smolt,5/8/2011,,8,2,,,,,,,
,Nason,Back,,Wild Summer Steelhead,Parr,5/11/2011,,33,3,,,,,,,
,Nason,Back,,Hat. Coho,Smolt,5/12/2011,,99,2,,,,,,,
,Nason,Back,,Wild Summer Steelhead,Parr,5/13/2011,,44,2,,,,,,,
,Nason,Back,,Hat. Coho,Smolt,5/14/2011,,101,2,,,,,,,
,Nason,Back,,Wild Summer Steelhead,Parr,5/22/2011,,84,3,,,,,,,
,Nason,Back,,Hat. Coho,Smolt,5/27/2011,,100,0,,,,,,,
,Nason,Back,,Wild Summer Steelhead,Parr,5/30/2011,,44,1,,,,,,,
,Nason,Back,,Hat. Coho,Smolt,5/30/2011,,98,3,,,,,,,
,Nason,Back,,Wild Summer Steelhead,Parr,6/3/2011,,31,0,,,,,,,
,Nason,Back,,Wild Summer Steelhead,Parr,6/19/2011,,34,1,,,,,,,
,Nason,Back,,Wild Spring Chinook,Parr,7/13/2011,,30,1,,,,,,,
,Nason,Back,,Wild Summer Steelhead,Parr,7/13/2011,,26,0,,,,,,,
,Nason,Back,,Wild Spring Chinook,Parr,8/1/2011,,29,1,,,,,,,
,Nason,Back,,Wild Summer Steelhead,Parr,8/1/2011,,9,0,,,,,,,
,Nason,Forward,,Wild Spring Chinook,Parr,8/4/2011,,31,0,,,,,,,
,Nason,Forward,,Wild Summer Steelhead,Parr,8/4/2011,,5,0,,,,,,,
,Nason,Forward,,Wild Spring Chinook,Parr,8/8/2011,,33,0,,,,,,,
,Nason,Forward,,Wild Spring Chinook,Parr,8/19/2011,,106,5,,,,,,,
,Nason,Forward,,Wild Summer Steelhead,Parr,8/19/2011,,2,0,,,,,,,
,Nason ,Back,,Wild Spring Chinook,Parr,10/15/2011,,72,6,,,,,,,
,Nason ,Back,,Wild Summer Steelhead,Parr,10/15/2011,,52,1,,,,,,,
,Nason ,Back,,Wild Spring Chinook,Parr,10/23/2011,,50,3,,,,,,,
,Nason ,Back,,Wild Summer Steelhead,Parr,10/23/2011,,7,1,,,,,,,
,Nason ,Back,,Wild Spring Chinook,Parr,10/27/2011,,84,9,,,,,,,
,Nason ,Back,,Wild Summer Steelhead,Parr,10/27/2011,,9,0,,,,,,,
,Nason ,Back,,Wild Spring Chinook,Parr,10/29/2011,,49,3,,,,,,,
,Nason ,Back,,Wild Summer Steelhead,Parr,10/29/2011,,1,0,,,,,,,
,Nason ,Back,,Wild Spring Chinook,Parr,11/2/2011,,41,0,,,,,,,
,White,Low Water,,Wild Spring Chinook,Parr,11/5/2011,,14,1,,,,,,,
,White,Low Water,,Wild Spring Chinook,Parr,11/21/2011,,39,2,,,,,,,
,Nason ,Back,,Wild Spring Chinook,Parr,11/28/2011,,27,2,,,,,,,
,White,Low Water,,Wild Spring Chinook,Parr,11/29/2011,,13,1,,,,,,,
,White River,Low Water,,Wild Spring Chinook (Y),,3/17/2012,No,11,0,,249,247.19,243.69,238.31,,
,White River,Low Water,,Wild Spring Chinook (Y),,3/21/2012,No,11,1,,Incomplete Data,Incomplete Data,Incomplete Data,Incomplete Data,,
,White River,Low Water,,Wild Spring Chinook (Y),,3/25/2012,No,18,1,,203.88,203.63,202.53,202.93,,
,White River,Low Water,,Wild Spring Chinook (Y),,3/29/2012,No,19,0,,255.5,262.17,271.52,272.31,,
,Nason Creek,Back,,Wild Spring Chinook (Y),,3/31/2012,No,43,5,,242.54,238.06,231.34,218.15,,
,White River,Low Water,,Wild Spring Chinook (Y),,4/2/2012,No,17,2,,257.04,257.15,256.76,254.39,,
,Nason Creek,Back,,Hatchery Coho,,4/3/2012,No,99,11,,215.63,215.13,211.69,206.59,,
,Nason Creek,Back,,Hatchery Coho,,4/5/2012,No,98,5,,203.5,203.25,200.84,197.6,,
,White River,Low Water,,Wild Spring Chinook (Y),,4/6/2012,No,12,1,,250.17,248.46,246.01,Incomplete Data,,
,Nason Creek,Back,,Hatchery Coho,,4/7/2012,No,99,8,,198.75,198.5,195.72,Incomplete Data,,
,White River,Low Water,,Wild Spring Chinook (Y),,4/10/2012,No,12,0,,Incomplete Data,Incomplete Data,Incomplete Data,Incomplete Data,,
,Nason Creek,Back,,Hatchery Coho,,4/13/2012,No,40,3,,379.83,383.17,381,407.02,,
,Nason Creek,Back,,Wild Spring Chinook (Y),,4/13/2012,No,53,4,,379.83,383.17,381,407.02,,
,White River,Low Water,,Wild Spring Chinook (Y),,4/14/2012,No,48,1,,535.17,541.08,542.36,616.83,,
,Nason Creek,Back,,Hatchery Coho,,4/15/2012,No,156,17,,433.96,438.79,445.72,454.16,,
,Nason Creek,Back,,Wild Spring Chinook (Y),,4/16/2012,No,53,7,,470.71,475.85,471.81,452.09,,
,White River,Low Water,,Wild Spring Chinook (Y),,4/18/2012,No,12,0,,627,624.33,616.58,824.68,,
,Nason Creek,Back,,Hatchery Coho,,4/19/2012,No,100,13,,483.13,508.67,598.53,718.85,,
,Nason Creek,Back,,Hatchery Summer Steelhead,,4/19/2012,No,90,5,,483.13,508.67,598.53,718.85,,
,Nason Creek,Back,,Wild Spring Chinook (Y),,4/19/2012,No,48,7,,483.13,508.67,598.53,718.85,,
,Nason Creek,Back,,Hatchery Summer Steelhead,,4/23/2012,No,203,8,,1760.83,1835.42,1879.27,1986.32,,
,Nason Creek,Back,,Wild Spring Chinook (Y),,4/23/2012,No,58,1,,1760.83,1835.42,1879.27,1986.32,,
,Nason Creek,Back,,Wild Summer Steelhead,,4/23/2012,No,64,0,,1760.83,1835.42,1879.27,1986.32,,
,Nason Creek,Back,,Hatchery Coho,,4/24/2012,No,141,5,,2060.83,2050.63,1993.85,1964.65,,
,Nason Creek,Back,,Wild Summer Steelhead,,4/27/2012,No,35,3,,1593.75,1560.83,1500,1460.94,,
,Nason Creek,Back,,Hatchery Coho,,5/1/2012,No,177,1,,1380,1351.46,Incomplete Data,Incomplete Data,,
,Nason Creek,Back,,Wild Summer Steelhead,,5/1/2012,No,55,0,,1380,1351.46,Incomplete Data,Incomplete Data,,
,White River,High Water,,Hatchery Spring Chinook,,5/2/2012,No,100,0,,1756.6,1730.2,1678.33,1523.99,,
,NASON,BACK,BSG,WILD SUMMER STEELHEAD,,5/4/2012,NO,29,1,972,,,,,,
,Nason Creek,Back,,Hatchery Coho,,5/7/2012,No,55,4,,962.21,1001.31,1012.82,1211.15,,
,Nason Creek,Back,,Wild Summer Steelhead,,5/7/2012,No,32,0,,962.21,1001.31,1012.82,1211.15,,
,White River,Low Water,,Hatchery Spring Chinook,,5/8/2012,No,100,0,,1413.75,1406.25,1504.27,1670.16,,
,Nason Creek,Back,,Hatchery Coho,,5/11/2012,No,74,3,,1094.17,1101.04,1075,1281.56,,
,Nason Creek,Back,,Hatchery Summer Steelhead,,5/11/2012,No,67,6,,1094.17,1101.04,1075,1281.56,,
,Nason Creek,Back,,Wild Summer Steelhead,,5/11/2012,No,28,5,,1094.17,1101.04,1075,1281.56,,
,Nason Creek,Back,,Hatchery Coho,,5/15/2012,Yes,100,0,,2169.58,2200.83,2124.58,1930.21,,
,Nason Creek,Back,,Hatchery Summer Steelhead,,5/15/2012,Yes,25,0,,2169.58,2200.83,2124.58,1930.21,,
,Nason Creek,Back,,Wild Summer Steelhead,,5/15/2012,Yes,28,0,,2169.58,2200.83,2124.58,1930.21,,
,Nason Creek,Back,,Wild Summer Steelhead,,5/19/2012,No,29,2,,1455.42,1452.5,1417.19,1604.06,,
,Nason Creek,Back,,Hatchery Coho,,5/23/2012,No,104,6,,1646.25,1615.42,1540.73,1373.19,,
,Nason Creek,Back,,Hatchery Summer Steelhead,,5/23/2012,No,153,6,,1646.25,1615.42,1540.73,1373.19,,
,Nason Creek,Back,,Wild Summer Steelhead,,5/23/2012,No,22,1,,1646.25,1615.42,1540.73,1373.19,,
,Nason Creek,Back,,Wild Summer Steelhead,,6/12/2012,No,69,5,,1409.2,1446.53,1479.69,1350.17,,
,Nason Creek,Back,,Hatchery Coho,,6/13/2012,No,82,6,,1485.6,1444.08,1370.31,1284.79,,
,Nason Creek,Back,,Hatchery Coho,,6/16/2012,Yes,44,6,,1756.4,1855.51,1935.63,Incomplete Data,,
,Nason Creek,Back,,Wild Summer Steelhead,,6/16/2012,Yes,37,3,,1756.4,1855.51,1935.63,Incomplete Data,,
,Nason Creek,Back,,Wild Summer Steelhead,,6/27/2012,Yes,26,1,,1181.2,1150.2,1128.54,1252.4,,
,Nason Creek,Back,,Wild Summer Steelhead,,7/2/2012,No,24,4,,1188.4,1167.55,1181.67,1080.45,,
,Nason Creek,Back,,Wild Summer Steelhead,,7/18/2012,No,49,6,,708.16,686.16,655.9,591.14,,
,Nason Creek,Back,,Wild Summer Steelhead,,7/22/2012,No,44,4,,449.88,437.89,414.15,360.55,,
,Nason Creek,Back,,Wild Spring Chinook (0),,7/26/2012,No,37,2,,284,288.32,285,291.79,,
,Nason Creek,Back,,Wild Summer Steelhead,,7/26/2012,No,63,4,,284,288.32,285,291.79,,
,Nason Creek,Back,,Wild Spring Chinook (0),,7/30/2012,No,29,4,,223.52,223.87,219.08,203.16,,
,Nason Creek,Back,,Wild Summer Steelhead,,7/30/2012,No,18,0,,223.52,223.87,219.08,203.16,,
,Nason Creek,Back,,Wild Spring Chinook (0),,8/3/2012,No,31,2,,157.76,155.78,155.89,149.1,,
,Nason Creek,Back,,Wild Spring Chinook (0),,8/7/2012,No,36,1,,128.84,128.14,127.74,121.16,,
,White River,Low Water,,Wild Spring Chinook (0),,10/4/2012,No,33,5,,138.67,137.17,,,,
,White River,Low Water,,Wild Spring Chinook (0),,10/8/2012,No,31,0,,,,,,,
,Nason Creek,Back,,Wild Spring Chinook (0),,10/17/2012,Yes,150,12,,98.59,93.7,87.63,147.67,,
,Nason Creek,Back,,Wild Summer Steelhead,,10/17/2012,Yes,42,0,,98.59,93.7,87.63,147.67,,
,Nason Creek,Back,,Wild Spring Chinook (0),,10/21/2012,No,52,5,,112.08,109.25,104.94,98.8,,
,Nason Creek,Back,,Wild Summer Steelhead,,10/21/2012,No,24,0,,112.08,109.25,104.94,98.8,,
,White River,Low Water,,Wild Spring Chinook (0),,10/24/2012,No,87,6,,298.96,294,,,,
,Nason Creek,Back,,Wild Spring Chinook (0),,10/25/2012,No,83,18,,83.73,83.31,83.39,124.55,,
,White River,Low Water,,Wild Spring Chinook (0),,10/28/2012,Yes,36,1,,764.13,794.15,,,,
,Nason Creek,Back,,Wild Spring Chinook (0),,10/29/2012,No,54,7,,807.63,720.54,665.46,766.54,,
,Nason Creek,Back,,Wild Coho,,11/3/2012,No,35,1,,390.38,445.63,,,,
,Nason Creek,Back,,Wild Spring Chinook (0),,11/3/2012,No,201,25,,390.38,445.63,,,,
,Nason Creek,Back,,Wild Summer Steelhead,,11/3/2012,No,84,3,,390.38,445.63,,,,
,Nason Creek,Back,,Wild Coho,,11/7/2012,No,11,2,,373,364.29,,,,
,Nason Creek,Back,,Wild Spring Chinook (0),,11/7/2012,No,233,27,,373,364.29,,,,
,Nason Creek,Back,,Wild Summer Steelhead,,11/7/2012,No,36,1,,373,364.29,,,,
,Nason Creek,Back,,Wild Spring Chinook (0),,11/11/2012,No,328,87,,218.13,222.25,,,,
,Nason Creek,Back,,Wild Summer Steelhead,,11/11/2012,No,22,3,,218.13,222.25,,,,
,White River,Low Water,,Wild Spring Chinook (0),,11/14/2012,No,19,3,,555.54,548.21,,,,
,Nason Creek,Back,,Wild Spring Chinook (0),,11/15/2012,No,195,34,,205.63,202.69,,,,
,Nason Creek,Back,,Wild Summer Steelhead,,11/15/2012,No,20,0,,205.63,202.69,,,,
,White River,Low Water,,Wild Spring Chinook (0),,11/18/2012,No,19,2,,434.54,450.63,,,,
,Nason Creek,Back,,Wild Spring Chinook (0),,11/19/2012,No,45,5,,257.17,297.65,,,,
,NASON,BACK,BSG,WILD SPRING CHINOOK (Y),,3/17/2013,NO,38,5,667,,,,,,
,NASON,BACK,OUTFLOW,HATCHERY COHO (Y),,4/2/2013,NO,100,0,636,,,,,,
,NASON,BACK,BSG,HATCHERY COHO (Y),,4/2/2013,NO,103,1,636,,,,,,
,NASON,BACK,BSG,WILD SPRING CHINOOK (Y),,4/2/2013,NO,22,1,636,,,,,,
,NASON,BACK,BSG,WILD SUMMER STEELHEAD,,4/2/2013,NO,39,1,636,,,,,,
,NASON,BACK,BSG,WILD SPRING CHINOOK (Y),,4/5/2013,NO,22,0,1350,,,,,,
,NASON,BACK,BSG,WILD SUMMER STEELHEAD,,4/5/2013,NO,31,0,1350,,,,,,
,NASON,BACK,,HATCHERY COHO (Y),,4/9/2013,NO,100,1,888,,,,,,
,NASON,BACK,BSG,WILD SUMMER STEELHEAD,,4/9/2013,NO,49,1,888,,,,,,
,WHITE,LOW,BSG,HATCHERY SPRING CHINOOK (Y),,4/11/2013,NO,96,0,1500,,,,,,
,WHITE,LOW,THALWEG,HATCHERY SPRING CHINOOK (Y),,4/11/2013,NO,101,0,1500,,,,,,
,WHITE,LOW,RIGHT BANK,HATCHERY SPRING CHINOOK (Y),,4/11/2013,NO,99,0,1500,,,,,,
,NASON,BACK,BSG,WILD SUMMER STEELHEAD,,4/13/2013,NO,47,3,851,,,,,,
,NASON,BACK,BSG,WILD SUMMER STEELHEAD,,4/18/2013,NO,41,2,496,,,,,,
,WHITE,LOW,RIGHT BANK,HATCHERY SPRING CHINOOK (Y),,4/21/2013,NO,101,1,775,,,,,,
,WHITE,LOW,THALWEG,HATCHERY SPRING CHINOOK (Y),,4/21/2013,NO,101,1,775,,,,,,
,WHITE,LOW,BSG,HATCHERY SPRING CHINOOK (Y),,4/21/2013,NO,98,0,775,,,,,,
,NASON,BACK,BSG,WILD SUMMER STEELHEAD,,4/22/2013,NO,66,6,559,,,,,,
,NASON,BACK,,HATCHERY COHO (Y),,4/26/2013,NO,39,0,688,,,,,,
,NASON,BACK,BSG,WILD SUMMER STEELHEAD,,4/26/2013,NO,50,2,688,,,,,,
,WHITE,LOW,RIGHT BANK,HATCHERY SPRING CHINOOK (Y),,4/26/2013,NO,200,0,1060,,,,,,
,WHITE,LOW,THALWEG,HATCHERY SPRING CHINOOK (Y),,4/26/2013,NO,200,0,1060,,,,,,
,WHITE,LOW,BSG,HATCHERY SPRING CHINOOK (Y),,4/26/2013,NO,180,0,1060,,,,,,
,NASON,BACK,BSG,WILD SUMMER STEELHEAD,,4/30/2013,NO,54,2,832,,,,,,
,WHITE,LOW,RIGHT BANK,HATCHERY SPRING CHINOOK (Y),,5/1/2013,NO,200,0,965,,,,,,
,WHITE,LOW,THALWEG,HATCHERY SPRING CHINOOK (Y),,5/1/2013,NO,200,0,965,,,,,,
,WHITE,LOW,BSG,HATCHERY SPRING CHINOOK (Y),,5/1/2013,NO,193,0,965,,,,,,
,NASON,BACK,BSG,WILD SUMMER STEELHEAD,,5/8/2013,NO,62,0,2250,,,,,,
,NASON,BACK,BSG,HATCHERY COHO (Y),,5/10/2013,NO,97,1,1290,,,,,,
,NASON,BACK,OUTFLOW,HATCHERY COHO (Y),,5/10/2013,NO,98,0,1290,,,,,,
,NASON,BACK,OUTFLOW,HATCHERY COHO (Y),,5/18/2013,NO,95,1,1290,,,,,,
,NASON,BACK,BSG,HATCHERY COHO (Y),,5/18/2013,NO,97,1,2260,,,,,,
,NASON,BACK,BSG,HATCHERY SUMMER STEELHEAD,,5/19/2013,NO,78,1,1180,,,,,,
,NASON,BACK,BSG,WILD SUMMER STEELHEAD,,5/19/2013,NO,122,15,1180,,,,,,
,NASON,BACK,BSG,WILD SUMMER STEELHEAD,,5/22/2013,NO,58,4,1140,,,,,,
,NASON,BACK,BSG,WILD SUMMER STEELHEAD,,5/26/2013,NO,79,3,765,,,,,,
,NASON,BACK,BSG,WILD SUMMER STEELHEAD,,5/30/2013,NO,92,7,890,,,,,,
,NASON,BACK,BSG,WILD SUMMER STEELHEAD,,6/3/2013,NO,71,6,996,,,,,,
,NASON,BACK,BSG,WILD SUMMER STEELHEAD,,6/7/2013,NO,94,4,1470,,,,,,
,NASON,BACK,BSG,WILD SUMMER STEELHEAD,,6/13/2013,NO,64,2,783,,,,,,
,NASON,BACK,BSG,WILD SUMMER STEELHEAD,,6/17/2013,NO,115,5,916,,,,,,
,NASON,BACK,BSG,WILD SUMMER STEELHEAD,,6/29/2013,NO,60,12,759,,,,,,
,NASON,BACK,BSG,WILD SPRING CHINOOK (0),,7/7/2013,NO,52,9,342,,,,,,
,NASON,BACK,BSG,WILD SUMMER STEELHEAD,,7/7/2013,NO,75,9,342,,,,,,
,NASON,BACK,BSG,WILD SPRING CHINOOK (0),,7/11/2013,NO,87,6,247,,,,,,
,NASON,BACK,BSG,WILD SPRING CHINOOK (0),,7/15/2013,NO,118,8,168,,,,,,
,NASON,BACK,BSG,WILD SPRING CHINOOK (0),,7/19/2013,NO,61,4,137,,,,,,
,NASON,BACK,BSG,WILD SPRING CHINOOK (0),,7/25/2013,YES,68,0,98.8,,,,,,
,NASON,BACK,BSG,WILD SPRING CHINOOK (0),,7/31/2013,NO,53,0,78,,,,,,
,NASON,BACK,BSG,WILD SPRING CHINOOK (0),,8/4/2013,NO,56,1,71.8,,,,,,
,NASON,BACK,BSG,WILD SPRING CHINOOK (0),,9/30/2013,NO,171,12,555,,,,,,
,NASON,BACK,BSG,WILD SUMMER STEELHEAD,,9/30/2013,NO,35,4,555,,,,,,
,NASON,BACK,BSG,WILD SPRING CHINOOK (0),,10/2/2013,NO,213,43,483,,,,,,
,NASON,BACK,BSG,WILD SUMMER STEELHEAD,,10/2/2013,NO,91,6,483,,,,,,
,NASON,BACK,BSG,WILD SPRING CHINOOK (0),,10/3/2013,NO,181,41,328,,,,,,
,NASON,BACK,BSG,WILD SPRING CHINOOK (0),,10/4/2013,NO,147,25,296,,,,,,
,NASON,BACK,BSG,WILD SUMMER STEELHEAD,,10/4/2013,NO,59,3,296,,,,,,
,NASON,BACK,BSG,WILD SPRING CHINOOK (0),,10/5/2013,NO,134,15,235,,,,,,
,NASON,BACK,BSG,WILD SPRING CHINOOK (0),,10/7/2013,NO,242,31,215,,,,,,
,NASON,BACK,BSG,WILD SPRING CHINOOK (0),,10/9/2013,NO,203,40,382,,,,,,
,NASON,BACK,BSG,WILD SPRING CHINOOK (0),,10/11/2013,NO,104,16,250,,,,,,
,WHITE,LOW,BSG,WILD SPRING CHINOOK (0),,10/31/2013,NO,46,7,256,,,,,,
,NASON,BACK,BSG,WILD SPRING CHINOOK (0),,11/4/2013,NO,130,4,107,,,,,,
,WHITE,LOW,BSG,WILD SPRING CHINOOK (0),,11/6/2013,NO,38,9,258,,,,,,
,NASON,BACK,BSG,WILD SPRING CHINOOK (0),,11/8/2013,NO,106,4,112,,,,,,
,WHITE,LOW,BSG,WILD SPRING CHINOOK (0),,11/9/2013,NO,40,6,262,,,,,,
,WHITE,LOW,BSG,WILD SPRING CHINOOK (0),,11/13/2013,NO,29,2,288,,,,,,
,NASON,BACK,BSG,WILD SPRING CHINOOK (0),,11/20/2013,NO,133,18,650,,,,,,
,WHITE,LOW,BSG,WILD SPRING CHINOOK (0),,11/23/2013,NO,25,3,428,,,,,,
,NASON,BACK,BSG,WILD SPRING CHINOOK (0),,11/27/2013,NO,241,55,193,,,,,,
,WHITE,LOW,BSG,WILD SPRING CHINOOK (0),,11/27/2013,NO,24,0,351,,,,,,
,Nason,1,BSG,Wild Spring Chinook (Y),,3/9/2014,No,65,4,964,,,,,,
,Nason,1,BSG,Wild Spring Chinook (Y),,3/13/2014,No,67,9,571,,,,,,
,Nason,1,BSG,Wild Summer Steelhead,,5/3/2014,No,50,2,1400,,,,,,
,Nason,1,BSG,Wild Summer Steelhead,,5/30/2014,No,57,0,1030,,,,,,
,Nason,1,BSG,Wild Summer Steelhead,,6/3/2014,No,75,1,1610,,,,,,
,Nason,1,Bridge,Wild Spring Chinook (0),,7/14/2014,No,89,7,240,,,,,,
,Nason,1,Bridge,Wild Spring Chinook (0),,7/21/2014,No,74,4,153,,,,,,
,Nason,1,Bridge,Wild Spring Chinook (0),,7/27/2014,No,72,4,118,,,,,,
,Nason,1,Bridge,Wild Spring Chinook (0),,10/24/2014,Yes,53,4,177,,,,,,
,Nason,1,Bridge,Wild Spring Chinook (0),,10/27/2014,No,71,3,191,,,,,,
,Nason,1,Bridge,Wild Spring Chinook (0),,10/30/2014,No,70,5,298,,,,,,
,Nason,1,Bridge,Wild Spring Chinook (0),,11/1/2014,No,96,6,339,,,,,,
,Nason,1,Bridge,Wild Spring Chinook (0),,11/4/2014,Yes,114,0,756,,,,,,
,Nason,1,Bridge,Wild Spring Chinook (0),,11/10/2014,Yes,78,1,375,,,,,,
,Nason,1,Bridge,Wild Summer Steelhead,,4/23/2015,No,17,1,337,,,,,,
,Nason,1,Bridge,Wild Spring Chinook (Y),,4/23/2015,No,7,0,337,,,,,,
,Nason,1,Bridge,Wild Summer Steelhead,,4/27/2015,No,3,0,269,,,,,,
,Nason,1,Bridge,Wild Spring Chinook (Y),,4/27/2015,No,2,0,269,,,,,,
,Nason,1,Bridge,Hatchery Summer Steelhead,,4/28/2015,No,55,2,305,,,,,,
,Nason,1,Bridge,Hatchery Summer Steelhead,,5/2/2015,No,96,4,338,,,,,,
,Nason,1,Bridge,Wild Summer Steelhead,,5/2/2015,No,8,0,338,,,,,,
,Nason,1,Bridge,Hatchery Coho,,5/5/2015,No,98,2,370,,,,,,
,Nason,1,Bridge,Wild Spring Chinook (Y),,5/6/2015,No,5,0,330,,,,,,
,Nason,1,Bridge,Wild Summer Steelhead,,5/6/2015,No,13,0,330,,,,,,
,Nason,1,Bridge,Hatchery Summer Steelhead,,5/7/2015,No,140,1,299,,,,,,
,Nason,1,Bridge,Wild Spring Chinook (Y),,5/10/2015,No,1,0,334,,,,,,
,Nason,1,Bridge,Wild Summer Steelhead,,5/10/2015,No,3,0,334,,,,,,
,Nason,1,Bridge,Hatchery Coho,,5/12/2015,No,224,8,408,,,,,,
,Nason,1,Bridge,Hatchery Coho,,5/14/2015,No,101,3,418,,,,,,
,Nason,1,Bridge,Wild Spring Chinook (Y),,5/14/2015,No,22,0,418,,,,,,
,Nason,1,Bridge,Wild Summer Steelhead,,5/14/2015,No,1,0,418,,,,,,
,Nason,1,Bridge,Wild Summer Steelhead,,5/18/2015,No,6,0,392,,,,,,
,Nason,1,Bridge,Hatchery Coho,,5/19/2015,No,102,0,421,,,,,,
,Nason,1,Bridge,Wild Summer Steelhead,,5/22/2015,No,10,0,421,,,,,,
,Nason,1,Bridge,Wild Spring Chinook (Y),,5/22/2015,No,1,0,421,,,,,,
,Nason,1,Bridge,Hatchery Coho,,5/23/2015,No,66,0,416,,,,,,
,Nason,1,Bridge,Wild Summer Steelhead,,5/26/2015,No,9,0,337,,,,,,
,Nason,1,Bridge,Wild Summer Steelhead,,5/30/2015,No,26,0,365,,,,,,
,Nason,1,Bridge,Wild Summer Steelhead,,6/4/2015,No,9,0,218,,,,,,
,Nason,1,Bridge,Wild Summer Steelhead,,6/8/2015,No,4,0,192,,,,,,
,Nason,1,Bridge,Wild Summer Steelhead,,6/16/2015,No,7,0,109,,,,,,
,White,Low,Bridge,Wild Spring Chinook (0),,9/7/2015,No,39,4,126,,,,,,
,Nason,1,Bridge,Wild Spring Chinook (0),,11/3/2015,No,138,0,460,,,,,,
,Nason,1,Bridge,Wild Summer Steelhead,,11/3/2015,No,121,0,460,,,,,,
,Nason,1,Bridge,Wild Spring Chinook (0),,11/23/2015,No,9,0,520,,,,,,
,Nason,1,Bridge,Wild Summer Steelhead,,11/23/2015,No,11,0,520,,,,,,
,Nason,1,Bridge,11W,,3/4/2016,No,3,0,493,,,,,,
,Nason,1,Bridge,32W,,3/4/2016,No,1,0,493,,,,,,
,Nason,1,Bridge,11W,,3/8/2016,No,12,4,561,,,,,,
,Nason,1,Bridge,32W,,3/8/2016,No,2,0,561,,,,,,
,Nason,1,Bridge,11W,,3/12/2016,No,3,0,475,,,,,,
,Nason,1,Bridge,32W,,3/12/2016,No,1,0,475,,,,,,
,Nason,1,Bridge,11W,,3/16/2016,No,2,0,372,,,,,,
,Nason,1,Bridge,32W,,3/16/2016,No,4,0,372,,,,,,
,Nason,1,Bridge,32W,,3/20/2016,No,8,0,314,,,,,,
,Nason,1,Bridge,32W,,3/24/2016,No,2,0,397,,,,,,
,Nason,1,Bridge,11W,,3/28/2016,No,2,0,341,,,,,,
,Nason,1,Bridge,11W,,4/1/2016,No,10,0,490,,,,,,
,Nason,1,Bridge,32W,,4/1/2016,No,4,0,490,,,,,,
,Nason,2,Bridge,11W,,4/5/2016,No,28,0,895,,,,,,
,Nason,2,Bridge,32W,,4/5/2016,No,16,0,895,,,,,,
,Nason,2,Bridge,11W,,4/9/2016,No,1,0,1330,,,,,,
,Nason,2,Bridge,32W,,4/9/2016,No,4,0,1330,,,,,,
,Nason,2,Bridge,32W,,4/13/2016,No,7,0,996,,,,,,
,Nason,2,Bridge,32W,,4/17/2016,No,3,0,731,,,,,,
,Nason,2,Bridge,32W,,4/21/2016,No,7,0,1850,,,,,,
,Nason,2,Bridge,32W,,4/25/2016,No,3,0,1130,,,,,,
,Nason,2,Bridge,32W,,4/29/2016,No,6,0,813,,,,,,
,Nason,2,Bridge,32W,,5/3/2016,No,7,0,1150,,,,,,
,Nason,2,Bridge,32W,,5/7/2016,No,3,0,1460,,,,,,
,Nason,2,Bridge,25H,,5/7/2016,No,38,0,1460,,,,,,
,Nason,2,Bridge,32W,,5/11/2016,No,2,0,903,,,,,,
,Nason,1,Bridge,32W,,5/23/2016,No,6,0,692,,,,,,
,Nason,1,Bridge,32W,,5/27/2016,No,20,2,577,,,,,,
,Nason,1,Bridge,32W,,5/31/2016,No,16,0,491,,,,,,
,Nason,1,Bridge,32W,,6/4/2016,Yes,35,0,615,,,,,,
,Nason,1,Bridge,32W,,6/8/2016,No,17,0,599,,,,,,
,Nason,1,Bridge,32W,,6/12/2016,No,3,0,337,,,,,,
,Nason,1,Bridge,32W,,6/16/2016,No,10,1,255,,,,,,
,Nason,1,Bridge,32W,,6/20/2016,No,7,0,247,,,,,,
,Nason,1,Bridge,32W,,6/24/2016,No,2,0,253,,,,,,
,Nason,1,Bridge,32W,,6/28/2016,No,5,0,218,,,,,,
,Nason,1,Bridge,32W,,7/2/2016,No,4,0,184,,,,,,
,Nason,1,Bridge,11W,,7/2/2016,No,2,0,184,,,,,,
,Nason,1,Bridge,32W,,7/6/2016,No,8,0,139,,,,,,
,Nason,1,Bridge,11W,,7/6/2016,No,4,0,139,,,,,,
,Nason,1,Bridge,32W,,7/10/2016,Yes,2,0,128,,,,,,
,Nason,1,Bridge,11W,,7/10/2016,Yes,2,0,128,,,,,,
,Nason,1,Bridge,32W,,7/14/2016,No,1,0,104,,,,,,
,Nason,1,Bridge,11W,,7/14/2016,No,1,0,104,,,,,,
,Nason,1,Bridge,11W,,7/18/2016,No,2,0,104,,,,,,
,Nason,1,Bridge,11W,,7/22/2016,No,3,0,88.8,,,,,,
,Nason,1,Bridge,11W,,8/3/2016,No,1,0,60.3,,,,,,
,Nason,1,Bridge,32W,,8/3/2016,No,3,0,60.3,,,,,,
,Nason,1,Bridge,32W,,8/11/2016,No,8,0,56.2,,,,,,
,White,Back,,Wild Spring Chinook,,8/27/2016,No,24,0,216,,,,,,
,Nason,1,Bridge,11W,,10/24/2016,No,59,6,282,,,,,,
,Nason,1,TOC,11W,,11/1/2016,No,68,8,374,,,,,,
,Nason,1,TOC,11W,,11/6/2016,No,49,6,338,,,,,,
,Nason,1,TOC,11W,,11/15/2016,No,69,11,540,,,,,,
,Nason,1,TOC,11W,,11/20/2016,No,32,3,291,,,,,,
,Nason,1,TOC,Wild Spring Chinook (Y),,3/6/2017,No,6,0,88.4,,,,,,
,Nason,1,TOC,Wild Summer Steelhead,,3/6/2017,No,4,0,88.4,,,,,,
,Nason,1,TOC,Wild Spring Chinook (Y),,3/10/2017,No,1,0,92.1,,,,,,
,Nason,1,TOC,Wild Summer Steelhead,,3/10/2017,No,1,0,92.1,,,,,,
,Nason,1,TOC,Wild Spring Chinook (Y),,3/14/2017,No,31,2,405,,,,,,
,Nason,1,TOC,Wild Summer Steelhead,,3/14/2017,No,11,1,405,,,,,,
,Nason,1,TOC,Wild Spring Chinook (Y),,3/15/2017,No,63,3,731,,,,,,
,Nason,1,TOC,Wild Spring Chinook (Y),,3/17/2017,No,68,5,601,,,,,,
,Nason,1,TOC,Wild Summer Steelhead,,3/17/2017,No,54,5,601,,,,,,
,Nason,1,TOC,Wild Spring Chinook (Y),,3/22/2017,No,41,1,405,,,,,,
,Nason,1,TOC,Wild Summer Steelhead,,3/22/2017,No,40,3,405,,,,,,
,Nason,1,TOC,Wild Spring Chinook (Y),,3/26/2017,No,8,0,378,,,,,,
,Nason,1,TOC,Wild Summer Steelhead,,3/26/2017,No,17,1,378,,,,,,
,Nason,1,TOC,Wild Spring Chinook (Y),,3/30/2017,No,2,0,563,,,,,,
,Nason,1,TOC,Wild Summer Steelhead,,3/30/2017,No,8,0,563,,,,,,
,Nason,1,TOC,Wild Spring Chinook (Y),,4/3/2017,No,10,1,478,,,,,,
,Nason,1,TOC,Wild Summer Steelhead,,4/3/2017,No,10,0,478,,,,,,
,Nason,1,TOC,Wild Spring Chinook (Y),,4/7/2017,No,11,2,752,,,,,,
,Nason,1,TOC,Wild Summer Steelhead,,4/7/2017,No,6,0,752,,,,,,
,Nason,1,TOC,Wild Spring Chinook (Y),,4/11/2017,No,15,1,500,,,,,,
,Nason,1,TOC,Wild Summer Steelhead,,4/11/2017,No,10,1,500,,,,,,
,Nason,1,TOC,Wild Spring Chinook (Y),,4/16/2017,No,15,0,536,,,,,,
,Nason,1,TOC,Wild Summer Steelhead,,4/16/2017,No,7,0,536,,,,,,
,Nason,1,TOC,Wild Spring Chinook (Y),,4/20/2017,No,10,0,549,,,,,,
,Nason,1,TOC,Wild Summer Steelhead,,4/20/2017,No,15,2,549,,,,,,
,Nason,1,TOC,Wild Spring Chinook (Y),,4/24/2017,No,30,1,644,,,,,,
,Nason,1,TOC,Wild Summer Steelhead,,4/24/2017,No,34,0,644,,,,,,
,Nason,1,TOC,Wild Spring Chinook (Y),,4/28/2017,No,12,1,577,,,,,,
,Nason,1,TOC,Wild Summer Steelhead,,4/28/2017,No,26,1,577,,,,,,
,Nason,1,TOC,Wild Spring Chinook (Y),,5/2/2017,No,13,0,601,,,,,,
,Nason,1,TOC,Wild Summer Steelhead,,5/2/2017,No,14,2,601,,,,,,
,Nason,1,TOC,Wild Summer Steelhead,,5/4/2017,No,50,3,1440,,,,,,
,Nason,1,TOC,Wild Spring Chinook (Y),,5/6/2017,No,5,0,1650,,,,,,
,Nason,1,TOC,Wild Summer Steelhead,,5/6/2017,No,19,0,1650,,,,,,
,Nason,1,TOC,Wild Summer Steelhead,,5/7/2017,No,59,5,1230,,,,,,
,Nason,1,TOC,Wild Spring Chinook (Y),,5/8/2017,No,1,0,1030,,,,,,
,Nason,1,TOC,Wild Summer Steelhead,,5/8/2017,No,61,5,1030,,,,,,
,Nason,1,TOC,Wild Spring Chinook (Y),,5/10/2017,No,2,0,1300,,,,,,
,Nason,1,TOC,Wild Summer Steelhead,,5/14/2017,No,51,7,912,,,,,,
,Nason,1,TOC,Wild Spring Chinook (Y),,5/18/2017,No,2,0,684,,,,,,
,Nason,1,TOC,Wild Summer Steelhead,,5/18/2017,No,63,4,684,,,,,,
,Nason,1,TOC,Wild Spring Chinook (Y),,5/20/2017,No,4,0,1140,,,,,,
,Nason,1,TOC,Wild Summer Steelhead,,5/20/2017,No,51,1,1140,,,,,,
,Nason,1,TOC,Wild Summer Steelhead,,5/24/2017,Yes,6,0,1880,,,,,,
,Nason,1,TOC,Wild Summer Steelhead,,5/28/2017,No,38,0,2060,,,,,,
,Nason,1,TOC,Wild Summer Steelhead,,6/1/2017,No,5,0,1790,,,,,,
,Nason,1,TOC,Wild Summer Steelhead,,6/5/2017,No,48,2,1060,,,,,,
,Nason,1,TOC,Wild Summer Steelhead,,6/7/2017,No,86,4,1140,,,,,,
,Nason,1,TOC,Wild Summer Steelhead,,6/11/2017,Yes,57,0,779,,,,,,
,Nason,1,TOC,Wild Summer Steelhead,,6/15/2017,No,53,2,634,,,,,,
,Nason,1,TOC,Wild Summer Steelhead,,6/20/2017,No,55,4,870,,,,,,
,Nason,1,TOC,Wild Summer Steelhead,,6/24/2017,No,35,2,601,,,,,,
,Nason,1,TOC,Wild Summer Steelhead,,6/28/2017,No,15,0,513,,,,,,
,Nason,1,TOC,Wild Spring Chinook (0),,7/4/2017,No,13,3,345,,,,,,
,Nason,1,TOC,Wild Summer Steelhead,,7/4/2017,No,4,0,345,,,,,,
,Nason,1,TOC,Wild Spring Chinook (0),,7/8/2017,No,8,0,238,,,,,,
,Nason,1,TOC,Wild Summer Steelhead,,7/8/2017,No,5,0,238,,,,,,
,Nason,1,TOC,Wild Spring Chinook (0),,7/13/2017,No,68,1,171,,,,,,
,Nason,1,TOC,Wild Summer Steelhead,,7/13/2017,No,2,0,171,,,,,,
,Nason,1,TOC,Wild Spring Chinook (0),,7/17/2017,No,71,3,129,,,,,,
,Nason,1,TOC,Wild Summer Steelhead,,7/17/2017,No,5,0,129,,,,,,
,Nason,1,TOC,Wild Spring Chinook (0),,7/21/2017,No,28,2,112,,,,,,
,Nason,1,TOC,Wild Summer Steelhead,,7/21/2017,No,2,0,112,,,,,,
,Nason,1,TOC,Wild Spring Chinook (0),,7/25/2017,No,26,0,95.9,,,,,,
,Nason,1,TOC,Wild Summer Steelhead,,7/25/2017,No,3,0,95.9,,,,,,
,Nason,1,TOC,Wild Spring Chinook (0),,7/29/2017,No,34,5,79.6,,,,,,
,Nason,1,TOC,Wild Spring Chinook (0),,8/2/2017,No,11,0,66.5,,,,,,
,Nason,1,TOC,Wild Summer Steelhead,,8/2/2017,No,1,0,66.5,,,,,,
,Nason,1,TOC,Wild Spring Chinook (0),,8/6/2017,No,5,0,58,,,,,,
,White,Low,Bridge,Wild Spring Chinook (0),,8/18/2017,No,36,0,247,,,,,,
,White,Low,Bridge,Wild Spring Chinook (0),,8/22/2017,No,33,0,221,,,,,,
,White,Low,Bridge,Wild Spring Chinook (0),,8/26/2017,No,21,1,226,,,,,,
,White,Low,Bridge,Wild Spring Chinook (0),,9/18/2017,No,33,2,464,,,,,,
,White,Low,Bridge,Wild Spring Chinook (0),,9/23/2017,No,26,2,130,,,,,,
,White,Low,Bridge,Wild Spring Chinook (0),,10/12/2017,No,28,5,81.5,,,,,,
,Nason,1,TOC,Wild Spring Chinook (0),,10/23/2017,No,183,22,401,,,,,,
,Nason,1,TOC,Wild Spring Chinook (0),,10/27/2017,No,248,24,257,,,,,,
,Nason,1,TOC,Wild Spring Chinook (0),,10/31/2017,No,114,24,164,,,,,,
,Nason,1,TOC,Wild Spring Chinook (0),,11/4/2017,No,65,4,130,,,,,,
,Nason,1,TOC,Wild Spring Chinook (0),,11/8/2017,No,111,16,106,,,,,,
,White,Low,Bridge,Wild Spring Chinook (0),,11/9/2017,No,32,3,256,,,,,,
,Nason,1,TOC,Wild Spring Chinook (0),,11/12/2017,No,115,6,96.6,,,,,,
,White,Low,Bridge,Wild Spring Chinook (0),,11/13/2017,No,24,2,247,,,,,,
,White,Low,Bridge,Wild Spring Chinook (0),,11/17/2017,No,26,7,237,,,,,,
,Nason,1,TOC,Wild Spring Chinook (0),,11/27/2017,No,98,11,605,,,,,,
,Nason,1,TOC,Wild Spring Chinook (Y),,3/12/2018,No,1,0,346,,,,,,
,Nason,1,TOC,Wild Summer Steelhead,,3/12/2018,No,1,0,346,,,,,,
,Nason,1,TOC,Wild Spring Chinook (Y),,3/18/2018,No,9,0,N/A,,,,,,
,Nason,1,TOC,Wild Summer Steelhead,,3/18/2018,No,1,1,N/A,,,,,,
,Nason,1,TOC,Wild Spring Chinook (Y),,3/23/2018,No,5,0,215,,,,,,
,Nason,1,TOC,Wild Summer Steelhead,,3/23/2018,No,4,1,215,,,,,,
,Nason,1,TOC,Wild Spring Chinook (Y),,3/27/2018,No,4,0,195,,,,,,
,Nason,1,TOC,Wild Summer Steelhead,,3/27/2018,No,3,0,195,,,,,,
,Nason,1,TOC,Wild Spring Chinook (Y),,3/31/2018,No,11,1,247,,,,,,
,Nason,1,TOC,Wild Summer Steelhead,,3/31/2018,No,11,1,247,,,,,,
,Nason,1,TOC,Wild Spring Chinook (Y),,4/4/2018,No,3,0,367,,,,,,
,Nason,1,TOC,Wild Summer Steelhead,,4/4/2018,No,3,0,367,,,,,,
,White,Low,TOC,Wild Spring Chinook,,4/4/2018,No,35,0,367,,,,,,
,Nason,1,TOC,Wild Spring Chinook (Y),,4/8/2018,No,43,2,504,,,,,,
,Nason,1,TOC,Wild Summer Steelhead,,4/8/2018,No,17,0,504,,,,,,
,White,Low,TOC,Wild Spring Chinook,,4/8/2018,No,50,0,696,,,,,,
,Nason,1,TOC,Wild Spring Chinook (Y),,4/13/2018,No,49,6,466,,,,,,
,Nason,1,TOC,Wild Summer Steelhead,,4/13/2018,No,15,1,466,,,,,,
,Nason,1,TOC,Wild Spring Chinook (Y),,4/22/2018,No,22,1,429,,,,,,
,Nason,1,TOC,Wild Summer Steelhead,,4/22/2018,No,10,0,429,,,,,,
,Nason,1,TOC,Wild Spring Chinook (Y),,4/26/2018,No,39,1,639,,,,,,
,Nason,1,TOC,Wild Summer Steelhead,,4/26/2018,No,15,0,639,,,,,,
,Nason,1,TOC,Wild Spring Chinook (Y),,4/30/2018,No,35,2,924,,,,,,
,Nason,1,TOC,Wild Summer Steelhead,,4/30/2018,No,74,0,924,,,,,,
,Nason,1,TOC,Wild Spring Chinook (Y),,5/4/2018,No,16,0,1430,,,,,,
,Nason,1,TOC,Wild Summer Steelhead,,5/4/2018,No,33,0,1430,,,,,,
,Nason,1,TOC,Wild Spring Chinook (Y),,5/15/2018,No,2,0,2490,,,,,,
,Nason,1,TOC,Wild Summer Steelhead,,5/15/2018,No,13,1,2490,,,,,,
,Nason,1,TOC,Wild Summer Steelhead,,5/19/2018,No,2,0,1620,,,,,,
,Nason,1,TOC,Wild Spring Chinook (Y),,5/23/2018,No,1,0,2230,,,,,,
,Nason,1,TOC,Wild Summer Steelhead,,5/23/2018,No,6,0,2230,,,,,,
,Nason,1,TOC,Wild Spring Chinook (Y),,5/28/2018,No,1,0,1190,,,,,,
,Nason,1,TOC,Wild Summer Steelhead,,5/28/2018,No,24,0,1190,,,,,,
,Nason,1,TOC,Wild Summer Steelhead,,6/1/2018,Yes,41,1,659,,,,,,
,Nason,1,TOC,Wild Summer Steelhead,,6/5/2018,No,49,0,620,,,,,,
,Nason,1,TOC,Wild Summer Steelhead,,6/9/2018,No,19,0,615,,,,,,
,Nason,1,TOC,Wild Spring Chinook (Y),,6/9/2018,No,1,0,615,,,,,,
,Nason,1,TOC,Wild Summer Steelhead,,6/13/2018,No,14,0,429,,,,,,
,Nason,1,TOC,Wild Summer Steelhead,,6/17/2018,No,22,0,457,,,,,,
,Nason,1,TOC,Wild Summer Steelhead,,6/21/2018,No,11,0,559,,,,,,
,Nason,1,TOC,Wild Summer Steelhead,,6/26/2018,No,4,0,425,,,,,,
,Nason,1,TOC,Wild Summer Steelhead,,6/30/2018,No,1,0,275,,,,,,
,Nason,1,TOC,Wild Summer Steelhead,,7/4/2018,No,3,0,227,,,,,,
,Nason,1,TOC,Wild Spring Chinook (0),,7/4/2018,No,10,0,227,,,,,,
,Nason,1,TOC,Wild Summer Steelhead,,7/8/2018,No,5,0,199,,,,,,
,Nason,1,TOC,Wild Spring Chinook (0),,7/8/2018,No,12,0,199,,,,,,
,Nason,1,TOC,Wild Summer Steelhead,,7/12/2018,No,5,0,153,,,,,,
,Nason,1,TOC,Wild Spring Chinook (0),,7/12/2018,No,9,0,153,,,,,,
,Nason,1,TOC,Wild Summer Steelhead,,7/16/2018,No,9,0,118,,,,,,
,Nason,1,TOC,Wild Spring Chinook (0),,7/16/2018,No,1,0,118,,,,,,
,Nason,1,TOC,Wild Spring Chinook (0),,7/20/2018,No,5,2,94,,,,,,
,Nason,1,TOC,Wild Spring Chinook (0),,7/24/2018,No,8,1,71.9,,,,,,
,Nason,1,TOC,Wild Summer Steelhead,,7/24/2018,No,1,0,71.9,,,,,,
,Nason,1,TOC,Wild Spring Chinook (0),,7/28/2018,No,5,0,61.3,,,,,,
,Nason,1,TOC,Wild Spring Chinook (0),,11/7/2018,No,119,15,338,,,,,,
,Nason,1,TOC,Wild Spring Chinook (0),,11/11/2018,No,85,10,174,,,,,,
,White,Low,TOC,Wild Spring Chinook,,11/11/2018,No,25,2,316,,,,,,
,Nason,1,TOC,Wild Spring Chinook (0),,11/15/2018,No,121,7,177,,,,,,
,Nason,1,TOC,Wild Spring Chinook (0),,11/19/2018,No,64,8,136,,,,,,
,Nason,1,TOC,Wild Spring Chinook (0),,11/24/2018,No,22,4,123,,,,,,
,Nason,1,TOC,Wild Spring Chinook (0),,11/28/2018,No,48,4,331,,,,,,
,Nason,1,TOC,Wild Summer Steelhead,,5/10/20107,No,52,1,1300,,,,,,
